ID,Dec,Comment,Type,Title,LeftBtn,RightBtn,Toggle
1,[3D1400]亲，成为[e11515]VIP1[-]就可以抢红包哦！,抢红包按钮提示（UILuckyMoneyRechargePanel）,1,[e11515]成为VIP尊享王者待遇,立即充值,,0
2,[3D1400]亲，成为[e11515]VIP1[-]才可以发红包哦！,发红包按钮提示（UILuckyMoneyRechargePanel）,1,[e11515]成为VIP尊享王者待遇,立即充值,,0
3,[3D1400]抢到[e11515]{0}金子[-]，成为[e11515]VIP1[-]即可领取红包！\n\n每天能领10次哦~,假概率充值VIP提示（UILuckyMoneyRechargePanel）,1,[e11515]恭喜您，鸿运当头！,立即充值,,0
4,[3D1400]额外赠送[a64dff]+15星神石、无双神兵、直升一级丹[-]等价值1888金子超值首充豪华礼包,未充值玩家文金子不足提示（UIRechargeRecomTipsPanel）,3,[e11515]还差点金子，即刻充值成为VIP,查看活动,,0
5,[3D1400]额外赠送[00adfe]{0}[-]、[00adfe]{1}[-]等超值豪华礼包,充值玩家文金子不足提示（UIRechargeRecomTipsPanel）,1,[e11515]还差点金子，即刻充值提升VIP,充点小钱,,0
6,[3D1400]玩游戏就要尽兴\n\n充点小钱提升[e11515]VIP等级[-]成为顶级王者,当日累充文金子超过96000玩家文金子不足提示（UIRechargeRecomTipsPanel）,1,[e11515]还差点金子，即刻充值提升VIP,充点小钱,,0
7,[3D1400]成为[e11515]VIP1[-]即可进入boss之家\n\nVIP专属打宝地图，单挑boss怒刷装备,未充值玩家boss之家进入提示（UIRechargeRecomTipsPanel）,3,[e11515]成为VIP尊享王者待遇,查看活动,,0
8,[3D1400][00adfe]亲，您今日祈祷次数已用完[-]\n\n提升[e11515]VIP等级[-]就增加祈祷次数,祈祷次数不足提示（UIRechargeRecomTipsPanel）,2,[e11515]提升VIP尊享王者待遇,提升VIP,,0
9,[3D1400]任意充值额外赠送[00adfe]直升一级丹，秒升80级[-]\n此时服用最大获益，英雄万不可错过哦~,未充值玩家达到79级提示（UIRechargeRecomTipsPanel）,3,[e11515]79级啦！服用升级丹最佳时刻,查看活动,,0
10,[3D1400][00adfe]体验黄金卡时效到期[-]\n\n成为[dfbf61]正式黄金贵族[-]，尊享顶级贵族特权,体验黄金卡到期提示（UIRechargeRecomTipsPanel）,5,[e11515]黄金贵族，尊享王者待遇,成为贵族,,0
11,[3D1400][00adfe]珍贵装备被暴，心痛不已[-]\n\n成为[dfbf61]黄金贵族[-]，给装备上保险,VIP3及以上死亡首次被暴装备-打开邮件时（UIRechargeRecomTipsPanel）,5,[e11515]黄金贵族，装备安全保障,成为贵族,,0
12,[3D1400][00adfe]代练卡不足[-]\n\n[dfbf61]黄金贵族[-]，每日额外领取：[dfbf61]海量代练卡[-],VIP3及以上未购买特权卡玩家斧子不足时（UIRechargeRecomTipsPanel）,5,[e11515]代练卡在手，任务不愁,成为贵族,,0
13,[3D1400][00adfe]代练卡不足[-]\n\n充点小钱，额外赠送[dfbf61]海量代练卡[-],VIP3及以上购买了特权卡玩家，当日累充小于960两金子斧子不足时（UIRechargeRecomTipsPanel）,4,[e11515]代练卡在手，任务不愁,充点小钱,,0
14,[3D1400][00adfe]代练卡不足[-]\n\n[dfbf61]拍卖行[-]有代练卡出售，晚去可能错过哦,VIP3及以上购买了特权卡玩家，当日累充大于等于960两金子斧子不足时（UIRechargeRecomTipsPanel）,6,[e11515]代练卡在手，任务不愁,前往拍卖,,0
15,[3D1400][00adfe]银子不足[-]\n\n每日祈祷，[dfbf61]银子暴击[-]，秒变百万富豪,银子不足，文金子>50时（UIRechargeRecomTipsPanel）,7,[e11515]每日祈祷，日进斗金,立即祈祷,,0
16,[3D1400]额外赠送[00adfe]绝版无双神兵、体验黄金卡[-]等超值豪华礼包,银子不足，未付费玩家提示（UIRechargeRecomTipsPanel）,3,[e11515]银子不足，成为VIP赢海量银子,查看活动,,0
17,[3D1400][00adfe]银子不足[-]\n充点小钱，即刻祈祷，赚取[dfbf61]银子暴击[-],VIP>=1，金子<50文，银子不足（UIRechargeRecomTipsPanel）,1,[e11515]充点小钱，日进斗金,充点小钱,,0
18,[3D1400][00adfe]绑金不足[-]\n每日祈祷，[dfbf61]绑金暴击[-]，秒变百万富豪,绑金不足，金子>100时（UIRechargeRecomTipsPanel）,7,[e11515]每日祈祷，金玉满堂,立即祈祷,,0
19,[3D1400]额外赠送[00adfe]直升一级丹、体验黄金卡[-]等超值豪华礼包,绑金不足，未付费玩家提示（UIRechargeRecomTipsPanel）,3,[e11515]绑金不足，成为VIP赢海量绑金,查看活动,,0
20,[3D1400][00adfe]绑金不足[-]\n充点小钱，即刻祈祷，赚取[dfbf61]绑金暴击[-],VIP>=1，金子<100，绑金不足（UIRechargeRecomTipsPanel）,1,[e11515]充点小钱，金玉满堂,充点小钱,,0
21,[3D1400]额外赠送[00adfe]直升一级丹、体验黄金卡[-]等超值豪华礼包,等级不足，未充值玩家（UIRechargeRecomTipsPanel）,3,[e11515]等级不足，成为VIP即刻升级,查看活动,,0
22,[3D1400][00adfe]等级不足[-]\n经验炼制[dfbf61]限时开放[-]，超值经验万不可错过,充值玩家，开服前3天，等级不足（UIRechargeRecomTipsPanel）,9,[e11515]经验炼制，等级飞升,前往炼制,,0
23,[3D1400][00adfe]等级不足[-]\n成为[dfbf61]黄金贵族[-]每日可领海量经验,充值玩家，买完经验炼制玩家，没买特权卡，等级不足（UIRechargeRecomTipsPanel）,5,[e11515]黄金贵族，等级飞升,成为贵族,,0
24,[3D1400][00adfe]等级不足[-]\n[dfbf61]寻宝[-]获取海量经验，更有[dfbf61]珍稀装备[-],充值玩家，买完经验炼制玩家，买了任意特权卡，等级不足（UIRechargeRecomTipsPanel）,8,[e11515]龙族寻宝，等级飞升,立即寻宝,,0
25,[3D1400]只要[e11515]VIP1[-]，每日可[4dec41]免费2次[-]祈祷\n,每日祈祷1次后，判定为VIP0玩家主动弹框（UIRechargeRecomTipsPanel）,1,[e11515]成为VIP尊享王者待遇,成为VIP,,0
26,[3D1400][dfbf61]成为VIP，即可增加使用上限[-]\n额外赠送[a64dff]+15星神石、无双神兵、直升一级丹[-]等超值豪华礼包,未充值玩家，使用经验丹次数不足,3,[e11515]经验丹服用次数达上限了,查看活动,,0
27,[3D1400][dfbf61]提升VIP，即可增加使用上限[-]\n额外赠送[00adfe]{0}[-]、[00adfe]{1}[-]等超值豪华礼包,充值玩家，使用经验丹次数不足,2,[e11515]经验丹服用次数达上限了,提升VIP,,0
28,[3D1400]额外赠送[a64dff]+15星神石、无双神兵、直升一级丹[-]等超值豪华礼包,未充值玩家点击押送犯人双倍领取（UIRechargeRecomTipsPanel）,3,[e11515]到达VIP2即可双倍领取哦,成为VIP,,0
29,[3D1400]额外赠送[00adfe]{0}[-]、[00adfe]{1}[-]等超值豪华礼包,VIP1-2玩家点击押送犯人双倍领取（UIRechargeRecomTipsPanel）,1,[e11515]到达VIP2即可双倍领取哦,提升VIP,,0
30,[3D1400]为您勾选[dfbf61]自动从商城购买羽毛[-]\n\n畅快培养，华丽光翼进阶,羽毛不足时弹框,10,[e11515]羽毛不足，无法进阶,立即进阶,,0
31,[3D1400][dfbf61]成为VIP即可多倍领取[-]\n额外赠送[a64dff]+15星神石、无双神兵、直升一级丹[-]等超值豪华礼包,未充值玩家聚灵珠1.5倍次数不足（UIRechargeRecomTipsPanel）,3,[e11515]1.5倍领取次数不足,查看活动,,0
32,[3D1400][dfbf61]提升VIP增加多倍领取次数[-]\n额外赠送[00adfe]{0}[-]、[00adfe]{1}[-]等超值豪华礼包,充值玩家聚灵珠1.5倍次数不足提示（UIRechargeRecomTipsPanel）,2,[e11515]今日1.5倍领取次数已用完,提升VIP,,0
33,[3D1400][dfbf61]成为VIP，即可增加使用上限[-]\n额外赠送[a64dff]+15星神石、无双神兵、直升一级丹[-]等超值豪华礼包,未充值玩家，使用金条次数不足,3,[e11515]金条使用次数达上限了,查看活动,,0
34,[3D1400][dfbf61]提升VIP，即可增加使用上限[-]\n额外赠送[00adfe]{0}[-]、[00adfe]{1}[-]等超值豪华礼包,充值玩家，使用金条次数不足,2,[e11515]金条使用次数达上限了,提升VIP,,0
35,[3D1400][dfbf61]提升VIP，即可增加使用上限[-],充值玩家，使用经验丹次数不足,2,[e11515]经验丹服用次数达上限了,提升VIP,,0
36,[3D1400]额外赠送[00adfe]{0}[-]、[00adfe]{1}[-]等超值豪华礼包,塔防VIP不足提示,1,[e11515]VIP等级不足，即刻充值提升VIP,提升VIP,,0
100,[3D1400]仅需花费{0}获得[4dec41]{1}倍[-]奖励！,个人BOSS、三界塔、材料副本领取双倍奖励（UIPromptPanel）,,[FFF2C6]提示,否,是,0
101,[3D1400]是否花费[e11515]{0}金子[-]\n领取[4dec41]{1}[-]经验,塔防副本领取多倍奖励（UIPromptPanel）,,[FFF2C6]提示,取消,确定,0
102,[3D1400]是否花费[e11515]{0}金子[-]\n购买[4dec41]{1}[-],塔防副本高级守卫令牌不足购买提示（UIPromptPanel）,,[FFF2C6]提示,取消,确定,1
103,[3D1400]是否花费[e11515]{0}金子[-]\n获得[4dec41]{1}[-],购买礼包（UIPromptPanel）,,[FFF2C6]提示,取消,确定,0
104,[3D1400]是否花费[e11515]{0}金子[-]祈祷！,花费文金子祈祷（UIPromptPanel）,,[FFF2C6]提示,取消,确定,1
105,[3D1400]是否领取单倍奖励！,个人押镖单倍奖励领取（UIPromptPanel）,,[FFF2C6]提示,取消,确定,0
106,[3D1400]是否花费[e11515]{0}金子[-]获得[4dec41]多倍[-]奖励！,个人押镖双倍奖励领取（UIPromptPanel）,,[FFF2C6]提示,取消,确定,0
107,[3D1400]是否花费[e11515]{0}金子[-]一键十倍！,膜拜城主文金子加倍（UIPromptPanel）,,[FFF2C6]提示,取消,确定,1
108,[3D1400]仍有更高倍数可提升，是否直接领取当前奖励？,膜拜城主前几倍经验领取（UIPromptPanel）,,[FFF2C6]提示,取消,确定,1
109,[3D1400]是否花费[e11515]{0}金子[-]提升一格星数？,升星增加装备星数（UIPromptPanel）,,[FFF2C6]提示,取消,确定,1
110,[3D1400]是否花费[e11515]{0}绑金[-]召唤法神回归！,法神增加召唤次数（UIPromptPanel）,,[FFF2C6]提示,取消,确定,0
111,[3D1400]是否花费[e11515]{0}金子[-]激活本法神！,消费性法神激活（UIPromptPanel）,,[FFF2C6]提示,取消,确定,0
112,[3D1400]是否花费[e11515]{0}绑金[-]刷新押送犯人等级！,刷新个人押镖犯人等级（UIPromptPanel）,,[FFF2C6]提示,取消,确定,1
113,[3D1400][00adfe]亲，祝福值每日0点将清空哦！,光翼祝福值清空提示（UIPromptPanel）,,[FFF2C6]提示,取消,确定,0
114,[3D1400]摧毁后将永远失去\n是否销毁装备【{0}】,家族仓库装备销毁提示（UIPromptPanel）,,[FFF2C6]提示,取消,确定,1
115,[3D1400]是否修改家族公告？\n\n剩余可修改次数：[4dec41]{0}[-],修改家族公告（UIPromptPanel）,,[FFF2C6]提示,取消,确定,0
116,[3D1400]您是否确定解散家族？\n解散家族后将会有[4dec41]24个小时[-]冷却时间\n请慎重考虑！,解散家族提示（UIPromptPanel）,,[FFF2C6]提示,取消,确定,0
117,[3D1400]是否确定退出家族？\n\n退出家族将清零[4dec41]家族贡献[-]，请慎重考虑！,退出家族提示（UIPromptPanel）,,[FFF2C6]提示,取消,确定,0
118,[3D1400]点击[4dec41]传送[-]立即前往[4dec41]回收NPC[-]处\n\n开通[e11515]VIP2[-]，随时随地回收装备！,随身回收VIP不足传送提示（UIPromptPanel）,,[FFF2C6]提示,传送,提升VIP,0
119,[3D1400]官印是柄双刃剑，若装备[4dec41]{0}[-]被击杀，则会掉落[fdb671]{1}银子[-]，是否确定装备？,官印装备提示（UIPromptPanel）,,[FFF2C6]提示,取消,确定,0
120,[3D1400]是否花费[e11515]{0}金子[-]原地复活！,文金子复活提示（UIPromptPanel）,,[FFF2C6]提示,取消,确定,0
121,[3D1400]是否花费[e11515]{0}绑金[-]传送到犯人身边！,个人押镖传送到押镖对象（UIPromptPanel）,,[FFF2C6]提示,取消,确定,0
122,"[3D1400]放弃押镖,保险无效,无法领双倍\n是否放弃？[4dec41](不扣保险金)[-]",个人押镖放弃押镖（UIPromptPanel）,,[FFF2C6]提示,取消,确定,0
123,[3D1400]移交[4dec41]族长[-]你将失去[4dec41]族长职权[-]！\n\n是否移交族长？,转移会长提示（UIPromptPanel）,,[FFF2C6]提示,取消,确定,0
124,[3D1400]新使用[4dec41]{0}[-]将替换掉\n当前生效的[4dec41]{1}[-]效果\n\n是否确定替换？,替换物品效果提示（UIPromptPanel）,,[FFF2C6]提示,取消,确定,0
125,[3D1400]只能在盟重土城召唤BOSS，\n是否立即传送？,召唤BOSS令牌使用提示（UIPromptPanel）,,[FFF2C6]提示,取消,确定,0
126,[3D1400]兑换该玉佩需要拥有[e11515]{0}威望[-]，使用时限为[4dec41]{1}天[-]，是否确定兑换？,玉佩兑换提示（UIPromptPanel）,,[FFF2C6]提示,取消,确定,0
127,[3D1400]您当前已装备更高级玉佩，\n是否确定兑换该低级玉佩？,玉佩兑换低级玉佩提示（UIPromptPanel）,,[FFF2C6]提示,取消,确定,0
128,[3D1400][ffeec1]{0}[-]申请与你进行交易\n\n是否同意？,交易申请提示（UIPromptPanel）,,[FFF2C6]提示,取消,确定,0
129,[3D1400]是否取消交易？,交易过程中取消提示（UIPromptPanel）,,[FFF2C6]提示,取消,确定,0
130,[3D1400][ffeec1]{0}[-]邀请你加入家族[fbd671]{1}[-]\n\n是否同意？,家族邀请提示（UIPromptPanel）,,[FFF2C6]提示,取消,确定,0
131,[3D1400]是否花费[e11515]{0}金子[-]立即刷新！,节日活动-神秘商店刷新道具提示（UIPromptPanel）,,[FFF2C6]提示,取消,确定,1
132,[3D1400]是否花费[e11515]{0}{1}[-]购买\n[4dec41]{2}[-],节日活动-神秘商店购买道具提示（UIPromptPanel）,,[FFF2C6]提示,取消,确定,1
133,[3D1400]是否花费{0}{1}金子[-]开启此行！,个人仓库解锁提示（UIPromptPanel）,,[FFF2C6]提示,取消,确定,0
134,[3D1400]您的家族开启了[4dec41]家族镖车[-]\n是否前往押镖？,家族押镖会长开启押镖会员提示（UIpromptBoxPanel）,,[FFF2C6]提示,取消,确定,0
135,[3D1400]您将摧毁的是[4dec41]1转以上[-]的装备，请谨慎考虑！,摧毁1转以上装备提示（UIpromptBoxPanel）,,[FFF2C6]提示,取消,确定,0
136,[3D1400]所需金子不足，是否前往充值？,BOSS之家传送高层文金子不足提示（UIpromptBoxPanel）,,[FFF2C6]提示,取消,充值,0
137,[3D1400]您查找的玩家不在线或不存在！,好友查询提示（UIpromptBoxPanel）,,[FFF2C6]提示,确定,,0
138,[3D1400]是否花费[e11515]{0}金子[-]兑换[4dec41]{1}倍[-]灵力！,珈蓝神殿多倍灵力兑换提示（UIpromptBoxPanel）,,[FFF2C6]提示,取消,确定,1
139,[3D1400]是否兑换[4dec41]1倍[-]灵力！,珈蓝神殿1倍灵力兑换提示（UIpromptBoxPanel）,,[FFF2C6]提示,取消,确定,1
140,[3D1400]是否花费[e11515]{0}金子[-]购买{1}卡！,特权卡购买提示（UIpromptBoxPanel）,,[FFF2C6]提示,取消,确定,0
141,[3D1400]确认丢弃？,物品丢弃提示（UIpromptBoxPanel）,,[FFF2C6]提示,取消,确定,0
142,[3D1400]已有管理员处理了全部申请！,主界面家族申请已有管理员处理后，其他管理员收到申请提示（UIpromptBoxPanel）,,[FFF2C6]提示,取消,确定,0
143,[3D1400]停止挂机并领取奖励！,停止挂机提示（UIpromptBoxPanel）,,[FFF2C6]提示,取消,确定,0
144,[3D1400]危险区域无法进行离线挂机\n\n确认传送到安全区域？,危险区域挂机提示（UIpromptBoxPanel）,,[FFF2C6]提示,取消,确定,0
145,[3D1400]领取宝箱奖励仅需[e11515]1金子[-]哦！,1文金子宝箱开启提示（UIpromptBoxPanel）,,[FFF2C6]提示,取消,确定,0
146,[3D1400]是否花费[e11515]{0}绑金[-]购买[4dec41]{1}[-]！,塔防副本低级守卫令牌不足购买提示（UIPromptPanel）,,[FFF2C6]提示,取消,确定,1
147,[3D1400]装备的升星等级可转移\n\n是否需要转移？,装备升星等级转移提示,,[FFF2C6]提示,取消,确定,0
148,[3D1400][4dec41]72小时[-]未出售商品自动下架\n出售税率：[4dec41]{0}%[-],拍卖行道具上架成功提示,,[FFF2C6]上架成功,确定,,1
149,[3D1400]该成员剩余家族贡献[4dec41]{0}[-]，踢出家族后将会[4dec41]清零[-]\n\n您确定要踢出该成员吗？,会长踢出会员提示,,[FFF2C6]提示,取消,确定,0
150,[3D1400]被替换的装备有[4dec41]升星等级[-]\n\n是否需要转移？,更换装备升星转移提示,,[FFF2C6]提示,取消,确定,0
151,[3D1400]神威狱入口已关闭，将无法再次进入\n\n是否继续退出神威狱？,神威狱入口关闭时退出活动提示,,[FFF2C6]提示,取消,确定,0
152,[3D1400]您的好友[ffeec1]{0}[-]召唤您前往[4dec41]{1}[-]\n\n是否前往目的地？,受到好友召唤的提示框,,[FFF2C6]提示,取消,确定,0
153,[3D1400]是否花费[e11515]2两金子[-]发起[4dec41]族长弹劾[-]？,成员发起族长弹劾,,[FFF2C6]提示,否,是,0
154,[3D1400]需要传送到[4dec41]比奇城传送员[-]处\n\n是否前往？,合服活动-双倍经验活动提示,,[FFF2C6]提示,否,是,0
155,[3D1400][ffeec1]{0}[-]要将[4dec41]族长之位[-]禅让给您\n\n是否接受重任？,族长转移-接受方提示,,[FFF2C6]提示,否,是,0
156,[3D1400]是否花费[e11515]{0}绑金[-]，增加[4dec41]{1}%攻击[-]\n\n（仅在世界BOSS活动中生效）,世界BOSS活动-鼓舞银子消耗提示,,[FFF2C6]提示,取消,购买,1
157,[3D1400]是否花费[e11515]{0}金子[-]，增加[4dec41]{1}%攻击[-]\n\n（仅在世界BOSS活动中生效）,世界BOSS活动-鼓舞文金子消耗提示,,[FFF2C6]提示,取消,购买,1
158,[3D1400]是否一键将仓库[4dec41]60级装备[-]3合1\n随机兑换成[4dec41]70级装备[-],家族仓库装备合成提示,,[FFF2C6]提示,否,是,0
159,[3D1400]您向[4dec41]{0}[-]发起合并家族请求，合并家族后家族贡献、仓库装备、图腾都保留,家族合并发起提示,,[FFF2C6]提示,取消,确定,0
160,[3D1400][4dec41]{0}[-]诚意的向您发起合并家族的请求，合并后家族贡献、仓库装备、图腾都保留，原家族职务将取消,家族入编确定提示,,[FFF2C6]提示,拒绝,同意,0
161,[3D1400]您向[4dec41]{0}[-]发起合并家族请求，合并家族后家族贡献、仓库装备、图腾都保留，原家族职务将取消,家族入编申请提示,,[FFF2C6]提示,取消,确定,0
162,[3D1400][4dec41]{0}[-]诚意的向您发起合并家族的请求，合并后家族贡献、仓库装备、图腾都保留,家族合并确定提示,,[FFF2C6]提示,拒绝,同意,0
163,[3D1400]对方已同意[4dec41]{0}[-],入编和合并发起方确认框,,[FFF2C6]提示,确定,,0
164,[3D1400]建议和朋友一起挑战，通关更轻松，奖励更丰厚,家族禁地人数 < 3人时提示,,[FFF2C6]提示,继续等待,单人挑战,0
165,[3D1400]进入BOSS之家二层将[e11515]花费10文金子[-]\n开通[4dec41]VIP2[-]，即可[4dec41]永久免费[-]进入！,进入BOSS之家二层确认提示,,[FFF2C6]提示,花费10文金子,开通VIP2,0
166,[3D1400]进入BOSS之家三层将[e11515]花费2两金子[-]\n开通[4dec41]VIP3[-]，即可[4dec41]永久免费[-]进入！,进入BOSS之家三层确认提示,,[FFF2C6]提示,花费2两金子,开通VIP3,0
167,[3D1400][4dec41]{0}专属BOSS[-]\n\n是否前往购买？,特权BOSS购买提示,,[FFF2C6]提示,否,是,0
168,[3D1400]退出副本将无法领取奖励\n是否放弃？,未完成副本时，退出副本通用提示,,[FFF2C6]提示,否,是,1
169,[3D1400]是否花费[e11515]{0}金子[-]购买购物车里面的商品？,购买购物车商品提示,,[FFF2C6]提示,否,是,1
170,[3D1400]装备缺失过多，将受到血量上限惩罚\n请穿戴装备！,装备不足惩罚提示,,[FFF2C6]提示,取消,确定,1
171,[3D1400]精英及以上职务可使用该道具\n\n是否继续购买？,家族召唤令权限不足者购买提醒提示,,[FFF2C6]提示,否,是,0
172,[3D1400]该物品只能在[4dec41]苍月岛[-]使用,苍月藏宝图使用提示,,[FFF2C6]提示,确定,,0
173,[3D1400]您的珈蓝令牌[e11515]不足10个[-]，无法兑换\n足额灵力！是否继续兑换？,珈蓝令牌兑换灵力不满足指定令牌数量提示,,[FFF2C6]提示,否,是,1
174,[3D1400]苍月岛中不能充值\n\n请返回[4dec41]比奇城[-]进行充值操作,苍月岛禁止充值提示,,[FFF2C6]提示,取消,比奇船夫,0
175,[3D1400]苍月岛中无法直接参加活动\n\n请先返回[4dec41]比奇城[-],苍月岛禁止活动提示,,[FFF2C6]提示,取消,比奇船夫,0
176,[3D1400]是否花费[e11515]{0}金子[-]\n购买[e11515]{1}[-]？,拍卖行购买物品提示,,[FFF2C6]提示,否,是,0
177,[3D1400]当前品阶还处在[e11515]未激活[-]状态\n是否仍要提升？,兵魂未穿戴指定龙装时升级提示,,[FFF2C6]提示,否,是,1
178,[3D1400]是否清除时间立即探测？,探测项链再次探测提示,,[FFF2C6]提示,否,是,0
179,[3D1400]需要到物品合成师处才可合成\n\n是否立即传送到[4dec41]物品合成师[-]？,金刚石物品合成提示,,[FFF2C6]提示,否,是,0
180,[3D1400]您要还原的装备升星等级>5\n\n是否确定还原？,还原装备升星等级提示,,[FFF2C6]提示,否,是,0
181,[3D1400][4dec41]{0}[-]家族拒绝了您的联盟请求,结盟拒绝反馈提示,,[FFF2C6]提示,确定,,0
182,[3D1400]申请超时！\n\n自动拒绝与[4dec41]{0}[-]家族联盟请求,结盟超时反馈提示,,[FFF2C6]提示,确定,,0
183,[3D1400][4dec41]{0}[-]家族同意了您的联盟请求,结盟同意反馈提示,,[FFF2C6]提示,确定,,0
184,[3D1400]该装备穿戴后绑定\n\n是否穿戴？,穿戴绑定提示,,[FFF2C6]提示,取消,确定,0
185,[3D1400]此趟镖车保险金为[e11515]{0}金子[-]\n[4dec41]（未被劫镖不扣除保险金）[-]\n是否开始押镖？,购买押镖保险提示,,[FFF2C6]提示,否,是,0
186,[3D1400][4dec41]{0}[-]家族解除了与您家族的联盟关系,结盟解除提示,,[FFF2C6]提示,确定,,0
187,[3D1400]当前[4dec41]已装备了属性更高的[-]相同藏品\n\n是否替换为属性较低的藏品？,替换藏品提示,,[FFF2C6]提示,取消,确定,0
188,[3D1400]金子不足\n\n是否前往充值？,资源找回充值提示（无用）,,[FFF2C6]提示,取消,确定,1
189,[3D1400]请移动到安全区域再参与[4dec41]{0}[-]\n\n确认传送到安全区域？,5V5非安全区域传送提示,,[FFF2C6]提示,取消,确定,0
190,[3D1400]是否花费[e11515]{0}金子[-]购买[4dec41]1次[-]挑战次数？\n\n赛季结束时挑战次数清空,5V5挑战次数购买提示,,[FFF2C6]提示,取消,确定,0
191,[3D1400]达到{0}即可开启所有星数,特殊配饰（血符、魂珠...）升星提示,,[FFF2C6]提示,确定,,0
192,[3D1400]半数以上队友投降后，将直接判负\n\n是否确定投降？,5V5投降确认提示,,[FFF2C6]提示,取消,确定,0
193,[3D1400]是否退出跨服匹配？,5V5退出跨服匹配提示,,[FFF2C6]提示,否,是,0
194,[3D1400]需要到物品合成师处打开荣誉商店\n\n是否立即传送到[4dec41]物品合成师[-]？,5V5荣誉商店传送提示,,[FFF2C6]提示,取消,确定,0
195,[3D1400]该藏品当前[4dec41]尚未装备[-]\n\n是否确定分解该藏品？,分解当前藏品提示,,[FFF2C6]提示,否,是,0
196,[3D1400]该藏品[4dec41]属性高于身上已装备的相同藏品[-]\n\n是否确定分解该藏品？,分解当前相同藏品提示,,[FFF2C6]提示,否,是,0
197,[3D1400]您的排位次数不足，无法获得积分\n只能获得少量奖励，是否加入？,5v5排位次数不足继续匹配提示,,[FFF2C6]提示,否,是,1
198,[3D1400]最小化{0}不会中断匹配，但在此期间无法参与部分活动，点击退出则会退出匹配，请选择。,5v5匹配中断提示,,[FFF2C6]提示,最小化,退  出,0
199,[3D1400]您的排位次数不足，无法获得积分\n只能获得少量奖励，是否需要购买次数？,5v5排位次数不足继续购买次数提示,,[FFF2C6]提示,否,是,1
200,[3D1400]无法连接服务器，请检查网络！,无法登陆提示（UIPromptPanel）,,[FFF2C6]提示,确定,,0
201,[3D1400]是否退出游戏？,退出游戏提示（UIPromptPanel）,,[FFF2C6]提示,取消,确定,0
202,[3D1400]服务器维护中！,服务器维护提示（UIpromptBoxPanel）//已弃用，怕有问题不删除，请用206,,[FFF2C6]提示,确定,,0
203,[3D1400]您的账号已被封停！,封号提示（UIpromptBoxPanel）,,[FFF2C6]提示,确定,,0
204,[3D1400]您的账号在其他地方登录！,顶号提示（UIpromptBoxPanel）,,[FFF2C6]提示,确定,,0
205,[3D1400]删除人物数据将无法恢复！\n\n确定删除该人物？,删除人物提示（UIpromptBoxPanel）,,[FFF2C6]提示,取消,确定,0
206,[3D1400]服务器维护中！,游戏中服务器维护提示（UIpromptBoxPanel）,,[FFF2C6]提示,返回登陆,,0
207,[3D1400]系统检测到使用了加速器\n将强制退出游戏！,检测加速器提示（金正鑫）,,[FFF2C6]提示,确定,,0
210,[3D1400]神龙帝国中不能充值\n\n请返回[4dec41]比奇城[-]进行充值操作,神龙帝国禁止充值提示,,[FFF2C6]提示,取消,比奇船夫,0
211,[3D1400]神龙帝国中无法直接参加活动\n\n请先返回[4dec41]比奇城[-],神龙帝国禁止活动提示,,[FFF2C6]提示,取消,比奇船夫,0
300,\n{0},公共,,[FFF2C6]提示,取消,确定,0
301,[3D1400]今日任务次数已耗尽\n是否花费[e11515]500金子[-]领取该任务？,神龙帝国悬赏任务次数不足领取任务提示,,[FFF2C6]提示,否,是,2
302,[3D1400]今日任务次数已耗尽\n是否继续花费[e11515]{0}金子[-]刷新？,神龙帝国悬赏任务次数不足文金子刷新提示,,[FFF2C6]提示,否,是,2
303,[3D1400]是否花费[e11515]{0}[-]领取双倍奖励？,神龙帝国悬赏任务双倍奖励领取,,[FFF2C6]提示,否,是,0
304,[3D1400]是否确定花费[e11515]{0}金子[-]刷新任务？,神龙帝国悬赏任务刷新提示,,[FFF2C6]提示,否,是,2
305,[3D1400]当前列表中有[4dec41]S级[-]任务存在\n\n是否确定花费[e11515]{0}金子[-]刷新任务？,神龙帝国悬赏任务存在S级任务刷新提示,,[FFF2C6]提示,否,是,0
306,[3D1400]是否确定放弃该任务？,神龙帝国悬赏任务放弃提示,,[FFF2C6]提示,否,是,0
307,[3D1400]只要[e11515]VIP{0}[-]，即刻领取宝藏祝福\n\n[4dec41]顶级装备等您免费领取[-],提升VIP宝藏祝福提示,,[FFF2C6]提示,提升VIP,,0
308,[3D1400]仅需[e11515]VIP{0}[-]，即刻再次获得宝藏祝福\n\n[4dec41]顶级装备等您免费领取[-],提升VIP宝藏祝福提示2,,[FFF2C6]提示,提升VIP,,0
309,[3D1400]今日[e11515]任意充值[-]\n\n[4dec41]所有宝藏祝福皆入囊中[-],任意充值宝藏祝福提示,,[FFF2C6]提示,充点小钱,,0
310,[3D1400]确定要和[4dec41]{0}[-]\n解除结拜关系吗？\n[e11515]解除结拜关系亲密度将清空[-],结拜关系解除提示,,[FFF2C6]提示,取消,确定,0
311,[3D1400][4dec41]{0}[-]想成为您的徒弟\n\n是否同意？,拜师接收方提示,,[FFF2C6]提示,拒绝,同意,0
312,[3D1400][4dec41]{0}[-]想成为您的师傅\n\n是否同意？,收徒接收方提示,,[FFF2C6]提示,拒绝,同意,0
313,[3D1400]确定要和[4dec41]{0}[-]\n\n解除师徒关系吗？,师徒关系解除提示,,[FFF2C6]提示,取消,确定,0
314,[3D1400]是否取消{0}委托？\n\n[4dec41]取消后预付费用将以邮件形式退回[-],委托取消提示,,[FFF2C6]提示,否,是,0
315,[3D1400]您想成为[4dec41]{0}[-]的师傅\n但因您没有珍惜之前3次师徒机会！\n需花费[e11515]{1}金子[-]才能树立新关系,第四次收徒提示,,[FFF2C6]提示,取消,确定,0
316,[3D1400]您与当前好友还是[4dec41]结拜关系[-]\n[e11515]解除好友会同时断绝结拜关系[-]\n确定解除关系吗？,解除好友同时解除结拜关系提示,,[FFF2C6]提示,取消,确定,0
317,[3D1400][e11515]累计充值金子不足[-]\n\n再接再厉，即刻超级倍数金子返还,累计充值不足提示,,[FFF2C6]提示,充点小钱,,0
318,[3D1400][e11515]投注所需金子不足[-]\n\n充点小钱，即刻超级倍数金子返还,投注文金子不足提示,,[FFF2C6]提示,充点小钱,,0
319,[3D1400]确定要将该好友加入[4dec41]黑名单[-]吗？\n\n[e11515]解除好友亲密度将清空[-],将好友拉入黑名单提示,,[FFF2C6]提示,取消,确定,0
320,[3D1400]\n退出家族家族贡献将清空\n是否退出？[-],退出家族提示（开服天数大于7日）,,[FFF2C6]提示,取消,确定,0
321,[3D1400]您与当前好友还是[4dec41]结拜关系[-]\n[e11515]拉入黑名单将同时断绝结拜关系[-]\n确定解除关系吗？,将结拜的好友拉入黑名单提示,,[FFF2C6]提示,取消,确定,0
322,[3D1400]确定要和[4dec41]{0}[-]\n解除好友吗？\n[e11515]解除好友亲密度将清空[-],解除好友提示,,[FFF2C6]提示,取消,确定,0
323,[3D1400][4dec41]{0}[-]想成为您的徒弟\n但因您没有珍惜之前3次师徒机会！\n需花费[e11515]{1}金子[-]才能树立新关系,第四次拜师提示,,[FFF2C6]提示,取消,确定,0
324,[3D1400]该道具丢弃后直接销毁\n\n是否确定丢弃？,丢弃销毁提示,,[FFF2C6]提示,否,是,0
325,[3D1400]\n立即传送至[4dec41]桃园雪境[-],圣诞节日活动传送提示,,[FFF2C6]提示,取消,确定,0
326,[3D1400][4dec41]{0}[-]已经处于出战状态\n\n是否需要替换？,法神、元神替换提示,,[FFF2C6]提示,否,是,0
327,[3D1400]是否花费[e11515]{0}绑金[-]\n\n增加[4dec41]1小时[-]出战时间,元神召唤出战提示,,[FFF2C6]提示,取消,确定,0
328,[3D1400]今日任务次数已耗尽\n是否花费[e11515]500金子[-]增加[4dec41]1[-]次？,神龙帝国悬赏任务次数不足购买提示,,[FFF2C6]提示,否,是,2
329,[3D1400]\n花费[e11515]{0}[-]金子领取{1},开服缘分宝箱,,[FFF2C6]提示,取消,确定,0
330,[3D1400]未选择广告标签\n是否继续摆摊,不选摆摊标签提示,,[FFF2C6]提示,取消,确定,2
331,[3D1400]是否花费[e11515]{0}[-]金子\n展示摊位物品,摆摊展示按钮提示,,[FFF2C6]提示,取消,确定,2
332,[3D1400]\n当前地图不可摆摊\n是否传送至[4dec41]白虎庄园[-],神龙帝国摆摊传送,,[FFF2C6]提示,取消,确定,0
333,[3D1400]确定要删除这条评论吗？,关系圈删除评论提示,,[FFF2C6]提示,取消,确定,0
334,[3D1400]确定要删除这条动态吗？,关系圈删除动态提示,,[FFF2C6]提示,取消,确定,0
335,[3D1400]摊位已有上架物品\n是否取消摆摊,取消摆摊二级提示,,[FFF2C6]提示,取消,确定,2
336,[3D1400]您是否确定要取消订婚？\n\n[e11515]取消之后当天无法再次订婚[-],取消订婚提示,,[FFF2C6]提示,否,是,0
337,[3D1400]您是否花费[e11515]{0}金子\n\n[-]预约[4dec41]{1}礼堂[-]？,预约礼堂提示,,[FFF2C6]提示,否,是,0
338,[3D1400]是否花费[e11515]{0}金子\n\n[-]更改预约时间？,更改预约时间提示,,[FFF2C6]提示,否,是,0
339,[3D1400]您是否要花费[e11515]{0}金子\n\n[-]给大家发放喜糖？,发放喜糖提示,,[FFF2C6]提示,否,是,0
340,[3D1400][e11515]离婚后双方亲密度和情缘值会被清空[-]\n[e11515]结婚戒指的技能将无法使用[-]\n您是否确定离婚？,离婚提示,,[FFF2C6]提示,否,是,0
341,[3D1400]由于您是未成年人，将被纳入防沉迷系统[4dec41]3小时内收益经验正常[-][e11515]3-5小时内收益经验减半，5小时后收益经验为零[-],防沉迷号上线提示,,[FFF2C6]提示,确定,,0
342,[3D1400]您已累计在线[4dec41]{0}小时[-]，您已进入疲劳游戏时间。游戏收益变成正常的[e11515]50%[-]，请您下线休息,防沉迷号时间提示,,[FFF2C6]提示,确定,,0
343,[3D1400]您已累计在线[4dec41]{0}小时[-]，请合理安排游戏时间,防沉迷号前2小时提示,,[FFF2C6]提示,确定,,0
344,[3D1400]您已累计在线[4dec41]5小时[-]，您已进入不健康游戏时间，游戏收益变为[e11515]0[-]，请下线休息,防沉迷号5小时后提示,,[FFF2C6]提示,确定,,0
345,[3D1400]确定要放弃答题吗？\n\n[e11515]关闭答题将销毁当前答题卡[-],关闭答题卡提示,,[FFF2C6]提示,取消,确定,0
346,[3D1400]您的巡游奖励已经发\n送至邮箱，请您尽快领取,婚车巡游成功提示,,[FFF2C6]提示,确定,,0
347,[3D1400]您的巡游失败了\n剩余奖励已经发送至\n邮箱，请您尽快领取,婚车巡游失败提示,,[FFF2C6]提示,确定,,0
348,[3D1400]请您立即前往礼堂\n超时礼堂将会关闭,巡游完成后，前往礼堂提示,,[FFF2C6]提示,前  往,,0
349,[3D1400]是否花费[e11515]{0}绑金[-]传送到婚车身边！,婚车巡游传送到婚车（UIPromptPanel）,,[FFF2C6]提示,取消,确定,0
350,[3D1400]还原后精炼属性清空\n\n是否确定还原？,还原装备升星等级提示,,[FFF2C6]提示,否,是,0
351,[3D1400]都城争夺战的报名已经开启，\n是否立即前往[4dec41]神龙将军[-]处报名\n参战？,神龙帝国都城争夺战报名提醒,,[FFF2C6]提示,稍后前往,立即前往,0
352,[3D1400]神龙帝国势力繁杂，独自闯荡凶险万\n分，请加入一个家族再来此冒险吧！\n您是否想要[4dec41]立即加入家族[-]？,无家族进入神龙帝国时加入家族提示,,[FFF2C6]提示,取消,确定,0
353,[3D1400]{0}使用达到[e11515]上限[-]，\n继续使用获得经验！,果实使用上限提示,,[FFF2C6]提示,取消,确定,2
354,[3D1400]防外挂系统检测到您使用[4dec41]\n[-][e11515]软件，该软件涉嫌修改游戏数据，请退出退出该软件后再启动游戏[-],防外挂检测提示,,[FFF2C6]提示,确定,,0
355,[3D1400]\n是否花费[e11515]{0}金子[-]转变[4dec41]性别[-]？,变性提示,,[FFF2C6]提示,否,是,0
356,[3D1400]当前未达[e11515]最高成功率[-]失败可能会[4dec41]掉星[-]是否继续？,升星未放满宝石提示,,[FFF2C6]提示,取消,确定,2
357,[3D1400]当前开启升星保护，升星成功[4dec41]不消耗金子[-]是否继续？,升星保护提示,,[FFF2C6]提示,取消,确定,2
358,[3D1400]升星宝石不足，立即前往商城购买？,升星宝石不足,,[FFF2C6]提示,取消,立即前往,0
359,[3D1400]升星套效果即将失效，是否离开升星？,升星套倒计时,,[FFF2C6]提示,取消,确定,0
360,[3D1400]当前绑定银子不足，是否花费非绑银进行该操作？,绑银不足,,[FFF2C6]提示,取消,确定,2
361,[3D1400]当前目标装备等级小于原始装备等级是否确定转移,转移提示,,[FFF2C6]提示,取消,确定,0
362,[3D1400]{1}级解锁{2}星上限\n\n消耗{0}个[e11515]星槽铭文[-]可永久解锁星级上限,升星上限提示,,[FFF2C6]提示,前往购买,确定,0
363,[3D1400]当前装备已达[e11515]无双[-]属性是否继续写精炼,无双装备精炼提示,,[FFF2C6]提示,取消,确定,0
364,[3D1400]精炼石不足，是否前往商城购买？,精炼石不足提示,,[FFF2C6]提示,取消,立即前往,0
365,[3D1400]为您勾选[dfbf61]自动从商城购买坐骑果实[-]\n\n畅快培养，坐骑进阶,坐骑不足时弹框,10,[FFF2C6]果实不足,立即进阶,,0
366,[3D1400][00adfe]亲，祝福值每日0点将清空哦！,坐骑祝福值清空提示（UIPromptPanel）,,[FFF2C6]提示,取消,确定,0
367,[3D1400]VIP2可享受随身仓库,VIP2可享受随身仓库,,[FFF2C6]提示,传送,提升VIP,0
368,[3D1400]你确定任命[4dec41]{0}[-]为{1}？,家族任命确认,,[FFF2C6]提示,取消,确定,0
369,[3D1400]你确定将{0}移出家族？,家族移除确认,,[FFF2C6]提示,取消,确定,0
370,[3D1400]恭喜你被任命为[00d8ff]{0}[-]！,某某被任命为xx官职,,[FFF2C6]提示,关  闭,,0
371,[3D1400]查无此人！\n请保证玩家名字正确,查无此人提示,,[FFF2C6]提示,我再想想,,0
372,[3D1400]你已被[00d8ff]{0}[-][4dec41]{1}[-]禁言,被xx官职某某禁言,,[FFF2C6]提示,我知道了,,0
373,[3D1400]你的禁言时间已结束，可以自由发言,禁言结束通知,,[FFF2C6]提示,我知道了,,0
374,[3D1400]你的等级不足{0}级，无法拆除太庙,太庙等级不足提示,,[FFF2C6]提示,,,
375,[3D1400]不能拆除盟国太庙,盟国太庙提示,,[FFF2C6]提示,,,
376,[3D1400]12：00——24：00之间才可拆除太庙,太庙时间不对提示,,[FFF2C6]提示,,,
377,[3D1400]该太庙当前砖数为0，无法拆除,太庙砖数不对提示,,[FFF2C6]提示,,,
378,[3D1400]换砖操作只能在该砖所属太庙进行,太庙归属国不对提示,,[FFF2C6]提示,,,
379,[3D1400]12：00——24：00之间才可换砖,太庙时间不对提示,,[FFF2C6]提示,,,
380,[3D1400]你已获得最高品质砖块，无需更换,太庙最高品提示,,[FFF2C6]提示,交付任务,,
381,[3D1400]是否花费{0}金子发送彩世聊天,彩世聊天确认弹框,,[FFF2C6]提示,取消,确定,2
382,[3D1400]国探期间将会获得额外[00FF2F]20%经验[-]加成\n是否国探再去？,刺探任务,,[FFF2C6]提示,国探再去,现在就去,2
383,\n\n[3D1400]国运期间，经验额外[00FF2F]+20%[-]\n\n\n（当前无国运）,运镖任务,,[FFF2C6]提示,等待国运,立即押运,
384,[3D1400]是否使用[00FF2F]竹蜻蜓[-]前往支援？,战报,,[FFF2C6]提示,寻路前往,立即前往,2
385,[3D1400]是否花费[4dec41]{0}[-]银子购买[4dec41]{1}[-]个换货令！\n本次消耗[4dec41]{2}[-]个换货令！,购买换货令提示,,[FFF2C6]提示,取消,确定,0
386,[3D1400]你即将加入[4dec41]{0}[-]，确定吗？\n(移民后，当前任务将被注销，建议完成任务后移民）,移民,,[FFF2C6]提示,取消,确定,0
387,[3D1400]成功加入[4dec41]{0}[-]\n抛却过往，在新的征途中大展拳脚吧！,移民成功,,[FFF2C6]提示,确定,,0
388,[3D1400]今日你还可以[4dec41]押运{0}次[-]镖车来我这里，需要再次押运么？,购买换货令提示,,[FFF2C6]提示,稍后前往,继续护送,0
389,[3D1400]当前品质镖车比换镖品质更高，确认需要更换么？,购买换货令提示,,[FFF2C6]提示,取消,确定,0
390,[3D1400]是否消耗[4dec41]{0}[-]个换货令进行换货？,购买换货令提示,,[FFF2C6]提示,取消,确定,0
391,[3D1400]你已拆除了一块{0}色[FFFFFF]太庙砖，可回本国交付，也可继续换砖，还可换取{1}次。,更换砖块提示,,[FFF2C6]提示,换砖,交付任务,0
392,[3D1400]你已获得{0}色[FFFFFF]情报，可回本国交付，也可以继续为自己提升品质，还可提升{1}次。,更换情报提示,,[FFF2C6]提示,提升,交付任务,0
393,[3D1400]感谢少侠完成今日全部刺探敌情任务，知己知彼方能百战百胜,刺探敌情交付任务,,[FFF2C6]提示,确定,,0
394,[3D1400]家族狩猎的目标已成功击杀！,家族狩猎提示1,,,,,
395,[3D1400]家族狩猎的目标已成功击杀！你可获得以下奖励：\n{0},家族狩猎提示2,,,,,
396,[3D1400]真遗憾，你们的家族没能在时限内击杀狩猎目标,家族狩猎提示3,,,,,
397,[3D1400]国运已开启，完成王城运镖将会获得额外[00FF2F]20%经验[-]加成，是否前往运镖？,国运提示,,[FFF2C6]国运,稍后前往,前往运镖,2
398,[3D1400]国探已开启，完成刺探任务将会获得额外[00FF2F]20%经验[-]加成，是否前往刺探？,国探提示,,[FFF2C6]国探,稍后前往,前往刺探,2
399,[3D1400]是否确定发布国家运镖？,国运发布提示,,[FFF2C6]国运发布,取消,确定,0
400,[3D1400]是否确定发布国家刺探？,国探发布提示,,[FFF2C6]国探发布,取消,确定,0
401,[3D1400]感谢少侠完成今日全部刺探敌情任务，知己知彼方能百战百胜。,完成刺探敌情任务提示,,[FFF2C6]提示,确定,,0
402,[3D1400]是否报名[00FF2F]{0}[-]，参与[00FF2F]{1}[-]争夺！,发起夺城战提示,,[FFF2C6]提示,取消,确定,0
403,[3D1400]夺城战即将开启，你是否参战？,攻方夺城战拉人提示,,[FFF2C6]提示,取消,确定,0
404,[3D1400]夺城战即将开启，你是否参战？,守方夺城战拉人提示,,[FFF2C6]提示,取消,确定,0
405,[3D1400]本家族{0}针对{1}的夺城战已经开启，你是否参战？,夺城战开启拉人提示,,[FFF2C6]提示,取消,确定,0
406,[3D1400]敌方家族已经攻入我方家族城池，你是否参战？,守方夺城战开启拉人提示,,[FFF2C6]提示,取消,确定,0
407,[3D1400]护印大臣血量已降到50%，兄弟们速来攻下大臣,护印大臣攻方拉人提示,,[FFF2C6]提示,取消,确定,0
408,[3D1400]护印大臣血量已降到50%，兄弟们速来守护大臣,护印大臣守方拉人提示,,[FFF2C6]提示,取消,确定,0
409,[3D1400]确定解散同盟？\n该决定立即生效！解散后，盟国成员在24H内将无法再次结盟,解散同盟提示,,[FFF2C6]提示,取消,确定,0
410,[3D1400]确定踢出同盟？\n该决定立即生效！踢出后，盟国成员在24H内将无法再次结盟,踢出同盟提示,,[FFF2C6]提示,取消,确定,0
411,[3D1400]确定退出同盟？\n该决定立即生效！退出后，盟国成员在24H内将无法再次结盟,退出同盟提示,,[FFF2C6]提示,取消,确定,0
412,[3D1400]在王城运镖日常任务中使用\n\n是否立即传送到[4dec41]郑镖头[-]接取任务？,押镖令传送提示,,[FFF2C6]提示,取消,确定,0
413,[3D1400]是否前往边境传送官,,,[FFF2C6]提示,取消,确定,2
414,[3D1400]使用道具{0}可增加{1}使用时间\n当前拥有：{2},使用限时道具增加时间通用提示,,[FFF2C6]提示,取消,确定,0
415,[3D1400]培训任务完成，获得了{0}经验值。\n今日还可以完成{1}次培训任务。,培训令牌提示,,[FFF2C6]提示,取消,继续使用,0
416,[3D1400]培训任务完成，获得了{0}经验值。\n今日已完成所有培训任务。,培训令牌完成提示,,[FFF2C6]提示,确定,,0
417,[3D1400]恭喜你成功任务！\n今日你还可以[00FF2F]护送{0}次[-]，需要立即前往？,骆驼商队护送,,[FFF2C6]提示,稍后前往,继续护送,0
418,[3D1400]是否使用传送石直接传送,传送确认,,[FFF2C6]提示,取消,确定,0
419,[3D1400]确定将盟主转让给{0}？,转让盟主,,[FFF2C6]提示,取消,确定,0
420,[3D1400]是否确定放弃自行车赛？,放弃自行车赛提示,,[FFF2C6]提示,取消,确定,0
421,[3D1400]我国已兵临皇城！\n少年儿郎，来一同成就帝业吧！,皇权战开始提示,,[FFF2C6]提示,稍后前往,争夺皇权,0
422,[3D1400]任务目标国家成为盟国，{0}任务已删除请重新接取（本次删除不扣除任务今日次数）,多国活动目标国家成为盟国,,[FFF2C6]提示,确定,,0
423,[3D1400]您已成功移民，{0}任务已删除请重新接取（本次删除不扣除任务今日次数）,移民任务处理,,[FFF2C6]提示,确定,,0
424,[3D1400]对[00FF2F]{0}[-]宣战！\n[00FF2F]周{1}[-]晚[00FF2F]21点[-]国战开启！是否确定！,国战宣战提醒,,[FFF2C6]提示,取消,确定,0
425,[3D1400]战鼓震天！\n国战已经打响，你是否参战？,国战开启后攻方拉人提示,,[FFF2C6]提示,取消,确定,0
426,[3D1400]狼烟四起！\n敌国已经攻入我国王城，你是否参战？,国战开启后守方拉人提示,,[FFF2C6]提示,取消,确定,0
427,[3D1400]危机四起，大将军王血量将至50%是否立即前往救援？,国战大将军王血量50%守方拉人提示,,[FFF2C6]提示,取消,确定,0
428,[3D1400]当前有可合成装备，是否先合成？,装备全部回收提示,,[FFF2C6]提示,一键合成,回收,0
429,[3D1400]背包内有更强的装备，是否回收？,装备全部回收提示,,[FFF2C6]提示,取消,回收,0
430,[3D1400]家族镖车已被{0}的{1}击毁，是否添加为仇人,家族镖车击毁添加仇人,,[FFF2C6]提示,取消,确定,0
431,[3D1400]家族镖车家族镖车正在被攻击，是否立即前往救援？,家族镖车救援,,[FFF2C6]提示,取消,确定,0
432,[3D1400]是否花费{0}家族资金发起家族押镖,押镖确认提示,,[FFF2C6]提示,取消,确定,0
433,[3D1400]您已获得最高品质情报，请前往兵马大元帅处交付任务,刺探最高品质显示,,[FFF2C6]提示,交付任务,,
434,[3D1400]是否使用竹蜻蜓？,点击小飞鞋-竹蜻蜓形态,,[FFF2C6]提示,取消,确定,2
435,[3D1400]摧毁后将永远失去\n是否销毁选中装备,家族仓库装备销毁提示（UIPromptPanel）,,[FFF2C6]提示,取消,确定,1
436,[3D1400]皇权战已开启！\n是否开启盟国频道监听？,皇权战语音提示,,[FFF2C6]提示,取消,确定,0
437,[3D1400]皇权战已开启！\n是否开启国家频道监听？,皇权战语音提示,,[FFF2C6]提示,取消,确定,0
438,[3D1400]国战已开启，是否开启盟国频道监听,国战语音提示,,[FFF2C6]提示,取消,确定,0
439,[3D1400]精炼后装备会[00FF2F]绑定[-]，是否继续？,精炼功能-精炼非绑定装备提示,,[FFF2C6]提示,取消,确定,0
440,[3D1400]精炼转移后精炼属性超出[00FF2F]上限[-]部分不保留，\n并[00FF2F]绑定[-]装备，是否继续？,精炼转移-转移到低等级非绑定装备提示,,[FFF2C6]提示,取消,确定,0
441,[3D1400]精炼转移后精炼属性超出[00FF2F]上限[-]部分不保留，\n是否继续？,精炼转移-转移到低等级绑定装备提示,,[FFF2C6]提示,取消,确定,0
442,[3D1400]精炼转移后装备会[00FF2F]绑定[-]，是否继续？,精炼转移-转移到相同/高等级非绑定装备提示,,[FFF2C6]提示,取消,确定,0
443,[3D1400]今日充值任意金额，即可获取购买资格！,每日礼包-今日未充值点击购买按钮提示,1,[FFF2C6]提示,立即充值,,0
444,[3D1400]返还所有点数将会花费绑金{0}两,任务属性洗点消耗提示,,[FFF2C6]提示,取消,确定,2
445,[3D1400]是否加入白银商会，\n30天好礼领不停？,购买白银商会月卡提示,,[FFF2C6]提示,取消,确定,0
446,[3D1400]是否花费{0}两金子补签1天？,补签提示,,[FFF2C6]提示,取消,确定,2
447,[3D1400]是否消耗{0}绑金找回所有资源的60%？,绑金找回全部提示,,[FFF2C6]找回全部,取消,确定,0
448,[3D1400]是否消耗{0}金子找回所有资源？,金子找回全部提示,,[FFF2C6]找回全部,取消,确定,0
449,[3D1400]是否消耗{0}购买{1}？,白银商会购买提示,,[FFF2C6]提示,取消,确定,2
450,[3D1400]加入家族后可参与夺城战\n是否立即加入？,夺城战询问加入,,[FFF2C6]提示,我再想想,立即加入,0
451,[3D1400]此次提升材料不足，会消耗{0}金子补足材料，\n是否继续提升？,宝石镶嵌提升提示,,[FFF2C6]提示,取消,确定,2
452,[3D1400]魂魄石镶嵌后绑定，\n是否镶嵌？,宝石镶嵌提示,,[FFF2C6]提示,取消,确定,2
453,[3D1400]溢出的熟练度不会带入下一等级，\n是否继续？,技能书使用提示,,[FFF2C6]提示,取消,确定,2
454,[3D1400]绑银不足，不足部分将消耗银子！,消耗绑银时绑银不足且银子充足时的提示,,[FFF2C6]提示,取消,确定,2
455,[3D1400]活跃度不足，不能护送骆驼商队\n是否提升活跃度？,骆驼商队活跃度不足,,[FFF2C6]提示,稍后再说,立即获得,0
456,[3D1400]当前国家无可加入的家族\n\n是否创建家族？,创建家族引导,,[FFF2C6]提示,取消,创建家族,0
457,[3D1400]当前武器星级过高，继续使用\n升星神石将自动升级，是否使用？,升星神石提示,,[FFF2C6]提示,取消,使用,0
458,[3D1400]首充礼包赠送[e11516]升星神石[-]，可将武器\n[e11516]直升15星[-]，是否领取？,升星神石提示,,[FFF2C6]提示,取 消,领 取,2
459,[3D1400]背包中含有[e11516]升星神石[-]，可将武器\n[e11516]直升15星[-]，是否使用？,升星神石提示,,[FFF2C6]提示,取 消,确 定,2
460,[3D1400]穿戴后装备会[00FF2F]绑定[-]，是否继续？,非绑定装备穿戴后提示,,[FFF2C6]提示,取消,确定,2
461,[3D1400]是否号令全国对[00FF2F]{0}[-]\n发布砍倒[00FF2F]{1}国旗[-]任务？\n\n\n当前{2}国旗血量：{3}%,国家砍旗活动发布提示,,[FFF2C6]提示,取消,确定,0
462,[3D1400]本国的国家砍旗活动失败\n是否重新发布？,国家砍旗活动重发,,[FFF2C6]提示,取消,确定,0
463,[3D1400]是否确定发布国家运镖？\n（本国国旗昨日被破坏[00FF2F]{0}次[-]，今日国运封边时间为[00FF2F]{1}分钟[-]）,国运发布提示（国家被砍旗）,,[FFF2C6]国运发布,取消,确定,0
464,[3D1400]是否确定发布国家刺探？\n（本国国旗昨日被破坏[00FF2F]{0}次[-]，今日国运封边时间为[00FF2F]{1}分钟[-]）,国探发布提示（国家被砍旗）,,[FFF2C6]国探发布,取消,确定,0
465,[3D1400]国探期间将会获得额外[00FF2F]20%经验[-]加成，是否国探再去？\n（本国国旗昨日被破坏[00FF2F]{0}次[-]，今日国运封边时间为[00FF2F]{1}分钟[-]）,刺探任务,,[FFF2C6]提示,国探再去,现在就去,2
466,\n\n[3D1400]国运期间，经验额外[00FF2F]+20%[-]\n（本国国旗昨日被破坏[00FF2F]{0}次[-]，今日国运封边时间为[00FF2F]{1}分钟[-]）\n（当前无国运）,运镖任务,,[FFF2C6]提示,等待国运,立即押运,
